{
  "ruleta": {
    "KISS": [
      "Give someone in the group a kiss on any body part you choose 💋",
      "Kiss someone in the group for at least five seconds 🔥",
      "Lick someone’s neck 😈",
      "Pass an ice cube with another person until it melts 🧊"
    ],
    "TRUTH": [
      "Tell an erotic dream you’ve had and still remember 🌙",
      "Be honest: have you ever wanted to be with someone in this group? 😉",
      "Show or describe your favorite toy 🔞"
    ],
    "DARE": [
      "Send a flirty photo to a WhatsApp contact chosen by the group 📸",
      "Drink a shot of tequila from another person’s body 🥃",
      "Comment something spicy on a social media post 🔥",
      "Send a message to someone confessing your attraction 💌",
      "Send an audio pretending you’re having an orgasm 😳",
      "Try to turn someone on for one minute without touching them 🔥",
      "Let someone dress you however they want for the next rounds 👗",
      "Take a sexy selfie and send it to someone in the group 📱",
      "Do 20 squats in your underwear 🩲",
      "Lie down on top of someone for the next round 😈",
      "Send a naughty message to someone in the group 😏",
      "Go into a dark room with someone for 10 minutes 🌑",
      "Find a weird position online and try to recreate it using nearby objects 🧘‍♀️"
    ],
    "HINT": [
      "Whisper something daring and suggestive in someone’s ear 🔥",
      "Give a clue about your favorite body part 😏"
    ],
    "CAN": [
      "Choose someone to swap your dare with 😎",
      "Make two people do the dare with you 🔥"
    ],
    "SKIP": [
      "You can’t stop staring at someone for 30 seconds 👀",
      "Pause round: watch and enjoy the next turn 😈"
    ],
    "DANCE": [
      "Dance with someone to a slow song for 20 seconds 💃🕺",
      "Do a sensual dance while someone watches you 😏"
    ],
    "SING": [
      "Sing a romantic or provocative song to someone 🎤",
      "Sing a sensual song while maintaining eye contact 😳"
    ]
  }
}
